file,best,average
1,15,17.9090909091
2,24,26.7272727273
3,24,24.8181818182
