file,best,average
1,11,11.6666666667
2,18,19.0
3,14,16.3333333333
